ID,Gender,Temperature,Humidity,Age,Period,ReportedCases,LabConfirmed,ReportedDeaths,ConfirmedDeaths,OutbreakStatus
1354778,Female,21,77,32,April,171,80,34,23,Yes
1147438,Female,22,75,32,April,92,93,47,36,Yes
1640031,Female,21.5,65,32,April,115,47,52,35,Yes
1883350,Female,18,72,32,April,103,78,25,304,Yes
1424119,Female,17,76,32,May,85,59,27,35,Yes
1619297,Female,17.5,74,32,May,82,92,9,253,Yes
1660149,Female,20,73,32,April,133,47,19,227,Yes
1458769,Female,21.5,71,32,April,67,87,43,36,Yes
1201647,Female,19,68,32,June,80,95,33,24,Yes
1403912,Female,19.5,65,32,July,72,31,40,42,Yes
1943830,Male,16,66,32,August,88,86,11,58,Yes
1824483,Male,16.5,67,32,April,94,96,31,36,Yes
1848869,Male,20,69,32,October,114,101,43,70,Yes
1669231,Male,21.5,64,32,February,110,82,16,44,Yes
1683688,Male,22,63,32,March,148,58,11,179,Yes
1738587,Male,23,64,32,March,109,77,46,61,Yes
1884264,Male,21,64,32,March,106,64,25,51,Yes
1485251,Male,22,67,32,March,156,53,15,226,Yes
1536832,Male,22,57,32,March,117,39,32,164,Yes
1438701,Male,22,55,32,March,102,100,25,289,Yes
1359971,Male,22,56,32,March,92,84,8,324,Yes
1631185,Male,22,54,32,March,118,95,7,276,Yes
1061812,Male,22,53,32,March,82,55,18,165,Yes
1218879,Male,22,58,21,March,124,82,42,266,Yes
1940297,Male,22,61,21,March,44,81,46,146,Yes
1710438,Male,22,60,21,March,104,68,42,40,Yes
1139740,Male,23,61,21,April,135,91,31,14,No
1398321,Male,23,62,21,April,163,87,42,428,Yes
1975790,Male,23,63,21,April,119,50,52,16,No
1721341,Male,23,64,21,April,70,64,9,16,Yes
1121857,Male,23,65,21,April,75,89,8,541,Yes
1117458,Male,23,66,21,April,152,83,42,46,Yes
1083679,Male,23,67,21,April,149,50,8,67,Yes
1140806,Male,23,68,21,April,123,61,29,46,Yes
1110369,Male,23,68,21,April,74,87,33,469,Yes
1411676,Male,23,67,21,April,45,66,44,31,Yes
1698452,Male,23,67,21,April,152,47,44,79,Yes
1647913,Male,23,67,21,April,85,81,31,21,Yes
1103142,Male,21,67,21,April,104,77,47,70,Yes
1798712,Male,21,67,21,April,108,95,10,232,Yes
1174304,Male,21,67,21,April,118,61,56,66,Yes
1375088,Male,21,67,21,March,85,80,35,190,Yes
1446157,Male,21,67,21,March,148,69,11,48,Yes
1835203,Male,21,65,21,March,76,85,25,471,Yes
1019771,Male,21,65,21,March,104,52,41,323,Yes
1636522,Male,21,65,21,March,165,64,7,83,Yes
1887689,Male,21,65,21,March,117,95,26,159,Yes
1882185,Male,21,64,21,May,104,51,7,24,Yes
1662484,Male,21,63,21,May,73,61,35,24,Yes
1228510,Male,21,62,21,May,115,50,29,243,Yes
1380720,Male,21,65,21,June,105,66,28,230,Yes
1117370,Male,21,65,21,July,50,68,41,59,Yes
1463210,Male,21,65,24,August,108,41,34,129,Yes
1300239,Male,21,65,54,September,134,83,24,302,Yes
1900978,Male,21,65,21,October,124,49,7,34,Yes
1764496,Male,21,65,32,November,90,86,10,23,Yes
1439246,Male,21,65,31,December,121,54,23,46,Yes
1935749,Male,21,65,25,January,125,79,45,29,Yes
1285028,Male,21,65,25,February,80,85,24,29,Yes
1307013,Male,21,65,21,March,78,50,43,128,Yes
1011054,Male,21,65,21,April,67,78,30,30,Yes
1953939,Male,21,65,21,May,118,42,24,71,Yes
1995399,Male,21,65,44,June,56,87,22,479,Yes
1988885,Male,21,65,32,July,87,57,10,68,Yes
1035503,Male,21,65,60,August,100,76,22,62,Yes
1638179,Male,21,65,21,September,137,79,31,178,Yes
1968390,Male,21,65,21,October,91,48,15,170,Yes
1687914,Male,21,65,50,November,104,68,91,250,Yes
1074476,Male,21,65,26,December,79,43,17,22,Yes
1642646,Male,21,65,26,January,138,68,9,27,Yes
1521849,Male,21,65,26,February,115,40,8,250,Yes
1912150,Male,21,65,23,March,157,67,52,51,Yes
1861182,Male,21,65,26,April,118,65,33,35,Yes
1470053,Male,21,65,32,May,68,85,9,44,Yes
1056479,Male,21,65,33,June,109,73,25,95,Yes
1693341,Male,21,65,21,July,76,82,31,34,Yes
1725519,Male,21,65,26,August,77,76,42,64,Yes
1261834,Male,21,65,26,September,157,66,34,48,Yes
1302648,Male,21,65,43,October,105,61,26,60,Yes
1488702,Male,21,65,32,November,71,27,52,33,Yes
1825159,Male,21,65,24,December,69,55,26,29,Yes
1742181,Male,21,65,23,January,144,59,15,40,Yes
1430156,Male,21,65,25,February,90,58,20,27,Yes
1591258,Male,21,65,49,March,57,54,22,14,Yes
1943301,Male,21,65,32,April,88,65,46,28,Yes
1520875,Male,21,65,31,May,93,78,35,45,Yes
1872658,Male,21,65,32,June,55,50,29,193,Yes
1929520,Male,21,65,21,July,104,62,54,593,Yes
1378266,Male,21,65,21,August,84,65,43,48,Yes
1066804,Male,21,65,73,September,121,57,35,25,Yes
1465071,Male,21,65,26,October,47,66,46,63,Yes
1834452,Male,21,65,21,November,116,59,53,203,Yes
1671875,Male,21,65,24,December,97,53,43,306,Yes
1504272,Male,21,65,24,January,127,85,46,36,Yes
1374611,Male,21,65,35,February,133,83,7,665,Yes
1571107,Male,21,65,32,March,167,57,7,144,Yes
1107050,Male,21,65,32,April,114,66,75,15,Yes
1998517,Male,21,65,21,May,107,81,27,125,Yes
1489409,Male,21,65,32,June,72,83,27,195,Yes
1882910,Male,21,65,43,July,96,73,15,59,Yes
1744861,Male,21,65,21,August,151,76,13,144,Yes
1864422,Male,21,65,21,September,88,85,34,180,Yes
1487729,Male,21,65,24,October,118,87,38,25,Yes
1387053,Male,21,65,32,November,143,83,57,190,Yes
1084266,Male,21,65,37,December,78,73,50,64,Yes
1722612,Male,21,65,35,January,85,95,10,17,Yes
1991464,Male,21,65,61,February,133,82,47,349,Yes
1378379,Male,21,65,24,March,152,79,46,40,Yes
1181581,Male,21,65,23,April,67,95,10,23,Yes
1465788,Male,21,65,24,May,102,81,31,262,Yes
1135256,Male,21,65,25,June,132,60,17,18,Yes
1433868,Male,21,65,23,July,83,82,35,144,Yes
1661472,Male,21,65,35,August,100,62,37,28,Yes
1422173,Male,21,65,21,September,120,61,46,597,Yes
1621164,Male,21,65,32,October,188,63,15,16,Yes
1020675,Male,21,65,24,November,140,56,27,61,Yes
1526607,Male,21,65,33,December,134,60,44,179,Yes
1577318,Male,21,65,23,January,88,46,7,167,Yes
1890343,Male,21,65,23,February,143,79,33,31,Yes
1772954,Male,21,65,24,March,69,39,43,16,Yes
1842624,Male,21,65,21,April,144,49,15,75,Yes
1949903,Male,21,65,32,May,97,57,16,541,Yes
1485127,Male,21,65,24,June,74,43,16,17,Yes
1625258,Male,21,65,23,July,138,75,47,405,Yes
1527534,Male,21,65,25,August,85,91,43,41,Yes
1661105,Male,21,65,53,September,119,60,34,24,Yes
1518952,Male,21,65,23,October,83,94,23,243,Yes
1875118,Male,21,65,26,November,68,48,46,34,Yes
1973853,Male,21,65,23,December,82,82,35,20,Yes
1895380,Male,21,65,68,January,127,83,43,40,Yes
1167361,Male,21,65,25,February,70,40,28,46,Yes
1048974,Male,21,65,45,March,79,72,27,18,Yes
1339861,Male,21,65,35,April,102,59,9,63,Yes
1444302,Male,21,65,23,May,54,93,34,17,Yes
1404620,Male,21,65,25,June,96,47,35,46,Yes
1980886,Male,21,65,49,July,170,82,55,58,Yes
1899406,Male,21,65,26,August,89,63,55,32,Yes
1975129,Male,21,65,21,September,79,60,39,18,Yes
1140834,Male,21,65,34,October,69,28,45,159,Yes
1981122,Male,21,65,21,November,128,91,35,125,Yes
1832375,Male,21,65,32,December,70,60,22,44,Yes
1496133,Male,21,65,23,January,145,48,16,28,Yes
1830771,Male,21,65,44,February,112,79,28,44,Yes
1267347,Male,21,65,21,March,124,54,10,253,Yes
1404894,Male,21,65,29,April,128,70,29,59,Yes
1569208,Male,21,65,32,May,122,38,11,50,Yes
1864944,Male,21,65,23,June,89,88,11,51,Yes
1548594,Male,21,65,23,July,80,66,38,71,Yes
1616947,Male,21,65,26,August,107,56,27,30,Yes
1494656,Male,21,65,32,September,169,93,55,212,Yes
1926801,Male,21,65,38,October,69,97,24,145,Yes
1349212,Male,21,65,23,November,131,83,32,201,Yes
1514648,Male,21,65,32,December,121,61,46,95,Yes
1005108,Male,21,65,23,January,99,80,40,338,Yes
1331530,Male,21,65,51,February,98,70,30,216,Yes
1452020,Male,21,65,39,March,104,80,43,265,Yes
1544434,Male,21,65,21,April,169,81,54,60,Yes
1365700,Male,21,65,44,May,70,49,22,28,Yes
1379749,Male,21,65,52,June,102,98,23,213,No
1012683,Male,21,65,23,July,139,54,35,160,No
1610638,Male,21,65,50,August,116,73,22,53,No
1778203,Male,21,65,21,September,112,63,36,517,No
1090037,Male,21,65,23,October,58,58,35,373,No
1007213,Male,21,65,21,November,152,49,27,35,No
1288637,Male,21,65,44,December,112,76,39,448,No
1470572,Male,21,65,32,January,153,66,27,86,No
1624622,Male,21,65,26,February,89,71,46,233,No
1133429,Male,21,65,21,March,168,91,40,68,No
1411565,Male,21,65,45,April,173,68,50,63,No
1465768,Male,21,65,25,May,137,47,11,24,No
1950892,Male,21,65,26,June,116,46,21,179,No
1329676,Male,21,65,43,July,88,67,40,68,No
1593685,Male,21,65,39,August,176,99,29,215,No
1908696,Male,21,65,23,September,125,87,32,28,No
1732900,Male,21,65,23,October,92,41,8,38,No
1795256,Male,21,65,32,November,76,93,31,299,No
1550548,Male,21,65,23,December,109,57,46,328,No
1941690,Male,21,65,40,January,96,95,50,234,No
1591653,Male,21,65,47,February,74,66,30,45,No
1766372,Male,21,65,32,March,154,74,23,83,No
1165270,Male,21,65,30,April,75,60,44,220,No
1957253,Male,21,65,32,May,97,64,13,74,No
1825532,Male,21,65,46,June,107,89,46,253,No
1130576,Male,21,65,25,July,87,58,34,32,No
1892923,Male,21,65,26,August,71,53,42,49,No
1019999,Male,21,65,32,September,113,47,26,428,No
1272326,Male,21,65,24,October,128,88,35,31,No
1799878,Male,21,65,43,November,169,74,44,286,No
1031554,Male,21,65,21,December,109,60,24,190,No
1359630,Male,21,65,41,January,59,92,7,27,No
1689419,Male,21,65,46,February,140,84,31,331,No
1183788,Male,21,65,21,March,81,89,43,180,No
1847568,Male,21,65,31,April,174,62,13,253,No
1965517,Male,21,65,32,May,94,88,7,44,No
1722155,Male,21,65,26,June,105,87,7,141,No
1109945,Male,21,65,24,July,149,52,43,172,No
1522358,Male,21,65,32,August,74,51,38,211,No
1666327,Male,21,65,33,September,75,80,31,18,No
1532687,Male,21,65,31,October,79,87,47,194,No
1756996,Male,21,65,71,November,87,62,44,46,No
1947695,Male,21,65,23,December,157,48,45,34,No
1435934,Male,21,65,47,January,188,66,37,35,No
1211961,Male,21,65,23,February,108,79,22,165,No
1854671,Male,21,65,35,March,148,49,45,86,No
1692419,Male,21,65,26,April,93,84,33,36,No
1694003,Male,21,65,56,May,96,95,12,246,No
1753829,Male,21,65,43,June,98,93,27,56,No
1013749,Male,21,65,23,July,146,51,30,34,No
1206515,Male,21,65,32,August,97,65,15,137,Yes
1191656,Male,21,65,32,September,148,90,36,336,No
1530424,Male,21,65,23,October,92,56,12,54,No
1638778,Male,21,65,21,November,71,51,11,18,Yes
1293534,Male,21,65,23,December,138,54,31,37,No
1499024,Male,21,65,32,January,96,90,13,382,Yes
1192149,Male,21,65,56,February,116,96,42,71,Yes
1211265,Male,21,65,32,March,149,43,8,212,Yes
1515376,Male,21,65,24,April,110,67,40,126,Yes
1267118,Male,21,65,23,May,112,76,14,49,Yes
1743919,Male,21,65,21,June,53,53,9,208,Yes
1379938,Male,21,65,39,July,99,84,15,191,Yes
1578433,Male,21,65,34,August,141,94,34,650,Yes
1185589,Male,21,65,71,September,135,78,34,18,Yes
1887611,Male,21,65,32,October,87,58,34,17,Yes
1925600,Male,21,65,32,November,106,89,51,195,Yes
1941811,Male,21,65,47,December,172,79,56,25,Yes
1837777,Male,21,65,21,January,129,63,11,134,Yes
1053281,Male,21,65,25,February,113,86,44,40,Yes
1959099,Male,21,65,45,March,107,51,25,157,No
1208169,Male,21,65,24,April,152,42,51,257,Yes
1866926,Male,21,65,45,May,137,62,34,22,No
1892564,Male,21,65,47,June,68,73,55,151,Yes
1953783,Male,21,65,25,July,142,47,8,19,No
1284163,Male,21,65,47,August,168,53,27,39,No
1611584,Male,21,65,26,September,109,88,34,195,No
1682531,Male,21,65,32,October,86,60,35,35,No
1589480,Male,21,65,66,November,73,50,42,263,No
1804220,Male,21,65,23,December,73,83,10,245,No
1678780,Male,21,65,21,January,57,82,44,25,No
1360053,Male,21,65,21,February,178,64,28,195,No
1123334,Male,21,65,21,March,89,44,7,38,No
1298630,Male,21,65,25,April,107,116,32,149,No
1868265,Male,21,65,53,May,120,60,43,23,No
1230707,Male,21,65,25,June,128,84,30,37,No
1077895,Male,21,65,21,July,97,86,12,46,No
1269817,Male,21,65,23,August,94,67,46,20,No
1052085,Male,21,65,53,September,101,92,15,303,No
1802336,Male,21,65,21,October,86,88,30,176,No
1625818,Male,21,65,23,November,138,63,35,216,No
1024847,Male,21,65,32,December,78,80,25,36,No
1311948,Male,21,65,21,January,166,81,22,35,No
1637597,Male,21,65,26,February,109,56,44,26,No
1487811,Male,21,65,23,March,58,64,45,79,No
1955204,Male,21,65,21,April,67,81,33,172,No
1039417,Male,21,65,25,May,53,92,11,140,No
1725429,Male,21,65,32,June,131,86,33,156,No
1589438,Male,21,65,24,July,79,87,7,39,No
1949705,Male,21,65,21,August,109,88,21,155,No
1849067,Male,21,65,28,September,131,95,28,202,No
1198170,Male,21,65,32,October,80,68,16,55,Yes
1121649,Male,21,65,37,November,142,85,33,164,Yes
1300013,Male,21,65,71,December,78,75,18,262,Yes
1366643,Male,21,65,34,January,83,83,35,437,Yes
1303893,Male,21,65,32,February,91,45,11,26,Yes
1554264,Male,21,65,32,March,47,45,11,228,No
1627354,Male,21,65,32,April,70,50,8,187,No
1946245,Male,21,65,58,May,155,56,19,49,No
1985358,Male,21,65,33,June,183,82,49,157,No
1225802,Male,21,65,28,July,100,63,48,156,Yes
1603990,Male,21,65,32,August,122,88,31,86,Yes
1084469,Male,21,65,23,September,148,96,33,50,Yes
1133051,Male,21,65,34,October,83,94,34,336,Yes
1246610,Male,21,65,32,November,171,65,45,88,Yes
1821381,Female,21,65,32,December,94,78,43,42,Yes
1291624,Female,21,65,29,January,176,54,27,85,Yes
1673011,Female,21,65,21,February,57,65,41,38,Yes
1298658,Female,21,65,21,March,177,82,47,304,Yes
1301965,Female,21,65,56,April,91,51,22,30,Yes
1390571,Female,21,65,23,May,89,54,19,132,Yes
1151182,Female,21,65,25,June,79,43,32,36,Yes
1433040,Female,21,65,23,July,76,50,31,56,Yes
1317533,Female,21,65,23,August,116,78,9,225,Yes
1884141,Female,21,65,23,September,77,85,7,38,Yes
1308277,Female,21,65,23,October,108,67,10,305,Yes
1744013,Female,21,65,32,November,107,89,30,45,Yes
1676467,Female,21,65,32,December,89,61,35,55,Yes
1965387,Female,21,65,55,January,102,80,23,270,Yes
1179287,Female,21,65,25,February,72,68,54,217,Yes
1422188,Female,21,65,32,March,106,85,41,26,Yes
1926017,Female,21,65,23,April,77,80,56,159,Yes
1568858,Female,21,65,32,May,178,60,11,77,Yes
1978973,Female,21,65,23,June,75,66,12,273,Yes
1885878,Female,21,65,46,July,116,64,55,140,Yes
1210686,Female,21,65,21,August,122,82,42,26,Yes
1373355,Female,21,65,67,September,90,94,45,74,Yes
1571136,Female,21,65,21,October,134,99,46,205,Yes
1277035,Female,21,65,57,November,71,78,13,347,Yes
1215633,Female,21,65,28,December,105,72,20,173,Yes
1715993,Female,21,65,26,January,73,82,34,126,Yes
1606595,Female,21,65,21,February,88,91,34,181,Yes
1545382,Female,21,65,21,March,125,51,12,51,Yes
1611589,Female,21,65,33,April,142,61,26,426,Yes
1379901,Female,21,65,23,May,88,87,42,43,Yes
1432670,Female,21,65,21,June,116,69,13,56,Yes
1674786,Female,21,65,23,July,114,95,31,39,Yes
1396169,Female,21,65,23,August,90,86,43,203,Yes
1286425,Female,21,65,24,September,120,69,11,178,Yes
1544165,Female,21,65,21,October,95,86,9,29,Yes
1725671,Female,21,65,45,November,62,89,51,17,Yes
1241261,Female,21,65,32,December,147,83,17,363,Yes
1135885,Female,21,65,32,January,123,78,31,395,Yes
1056070,Female,21,65,21,February,156,41,8,36,Yes
1450494,Female,21,65,29,March,117,48,36,65,Yes
1161773,Female,21,65,23,April,83,80,41,15,Yes
1469059,Female,21,65,24,May,105,78,34,44,Yes
1871053,Female,21,65,59,June,134,92,28,92,Yes
1822381,Female,21,65,50,July,114,88,7,47,Yes
1243841,Female,21,65,21,August,120,95,11,147,Yes
1084467,Female,21,65,25,September,100,63,32,423,Yes
1736681,Female,21,65,43,October,111,110,33,186,Yes
1087883,Female,21,65,23,November,104,83,43,44,Yes
1265052,Female,21,65,32,December,155,53,31,164,Yes
1391420,Female,21,65,24,January,131,84,46,158,Yes
1195787,Female,21,65,24,February,170,80,41,240,Yes
1435471,Female,21,65,25,March,74,80,31,73,Yes
1352538,Female,21,65,21,April,102,73,35,63,Yes
1071699,Female,21,65,23,May,171,84,33,134,Yes
1887945,Female,21,65,45,June,140,61,50,219,Yes
1335158,Female,21,65,21,July,125,97,9,196,Yes
1888991,Female,21,65,21,August,136,80,34,19,Yes
1269598,Female,21,65,26,September,83,87,35,256,Yes
1921590,Female,21,65,23,October,51,92,11,174,Yes
1150428,Female,21,65,43,November,103,71,50,79,Yes
1010813,Female,21,65,44,December,83,63,25,76,Yes
1676497,Female,21,65,23,January,94,41,18,24,Yes
1347966,Female,21,65,43,February,63,61,41,62,Yes
1780601,Female,21,65,32,March,115,86,8,215,Yes
1785180,Female,21,65,56,April,110,70,38,339,Yes
1909635,Female,21,65,32,May,76,86,33,22,Yes
1470819,Female,21,65,59,June,108,61,8,31,Yes
1443900,Female,21,65,66,July,123,87,9,36,Yes
1340386,Female,21,65,21,August,77,48,23,195,Yes
1155450,Female,21,65,35,September,79,57,34,160,Yes
1828251,Female,21,65,21,October,98,54,50,27,Yes
1905960,Female,21,65,25,November,102,54,34,22,Yes
1762892,Female,21,65,58,December,95,53,55,38,Yes
1740252,Female,21,65,23,January,102,56,10,163,Yes
1592283,Female,21,65,43,February,98,67,32,58,Yes
1848708,Female,21,65,43,March,104,80,23,56,Yes
1895679,Female,21,65,35,April,117,48,23,27,Yes
1419366,Female,21,65,32,May,73,83,41,71,Yes
1262972,Female,21,65,38,June,165,96,46,18,Yes
1749173,Female,21,65,25,July,69,81,42,17,Yes
1554089,Female,21,65,67,August,85,88,10,141,Yes
1521530,Female,21,65,51,September,89,82,45,26,Yes
1150626,Female,21,65,21,October,69,78,9,26,Yes
1715433,Female,21,65,23,November,71,85,35,25,Yes
1515847,Female,21,65,68,December,150,111,38,39,Yes
1235529,Female,21,65,32,January,140,42,43,140,Yes
1351353,Female,21,65,32,February,136,62,33,47,Yes
1350287,Female,21,65,23,March,98,81,34,40,Yes
1394735,Female,21,65,44,April,91,48,22,16,Yes
1095246,Female,21,65,21,May,151,41,43,23,Yes
1649407,Female,21,65,32,June,96,61,27,153,Yes
1640404,Female,21,65,53,July,116,81,7,39,Yes
1138183,Female,21,65,24,August,78,55,31,20,Yes
1096085,Female,21,65,21,September,153,51,33,161,Yes
1632698,Female,21,65,21,October,65,59,47,59,Yes
1296366,Female,21,65,23,November,129,60,11,31,Yes
1856501,Female,21,65,26,December,72,54,15,173,Yes
1571308,Female,21,65,32,January,124,84,18,49,Yes
1256543,Female,21,65,44,February,87,95,13,20,Yes
1206993,Female,21,65,32,March,101,70,43,396,Yes
1214282,Female,21,65,47,April,97,78,51,256,Yes
1731223,Female,21,65,23,May,105,75,45,58,Yes
1192134,Female,21,65,34,June,93,49,10,48,Yes
1406565,Female,21,65,44,July,44,62,22,57,No
1524829,Female,21,65,32,August,134,64,44,43,No
1503547,Female,21,65,32,September,141,56,31,152,No
1355436,Female,21,65,23,October,102,60,31,26,No
1445102,Female,21,65,21,November,175,66,27,180,No
1779962,Female,21,65,32,December,84,89,43,199,No
1227040,Female,21,65,25,January,118,86,17,27,No
1015637,Female,21,65,26,February,127,52,23,341,No
1441609,Female,21,65,32,March,52,81,18,22,No
1390631,Female,21,65,21,April,139,97,46,593,No
1451589,Female,21,65,26,May,93,86,31,247,No
1751652,Female,21,65,32,June,151,70,23,43,No
1229983,Female,21,65,32,July,54,89,46,154,No
1189265,Female,21,65,21,August,155,95,10,29,No
1497987,Female,21,65,32,September,103,53,30,17,No
1293208,Female,21,65,32,October,151,96,23,43,No
1549299,Female,21,65,21,November,109,76,34,186,No
1007535,Female,21,65,21,December,95,55,33,184,No
1457484,Female,21,65,21,January,123,52,7,181,No
1519780,Female,21,65,23,February,115,89,34,53,No
1770898,Female,21,65,55,March,135,87,38,233,No
1163792,Female,21,65,21,April,97,63,34,14,No
1857593,Female,21,65,26,May,163,95,10,43,No
1779457,Female,21,65,31,June,157,53,11,262,No
1868062,Female,21,65,40,July,146,48,34,36,No
1909401,Female,21,65,32,August,57,80,10,23,No
1755468,Female,21,65,23,September,85,62,31,15,No
1528877,Female,21,65,32,October,87,58,11,154,No
1545559,Female,21,65,26,November,125,94,42,189,No
1689538,Female,21,65,23,December,94,67,9,258,No
1375869,Female,21,65,25,January,92,82,41,36,No
1172899,Female,21,65,45,February,63,46,22,87,No
1814191,Female,21,65,32,March,126,49,31,16,No
1492707,Female,21,65,67,April,98,86,19,15,No
1728931,Female,21,65,61,May,115,84,86,75,No
1919418,Female,21,65,32,June,171,49,47,385,No
1589042,Female,21,65,32,July,46,69,13,287,No
1147185,Female,21,65,21,August,72,80,45,157,No
1366655,Female,21,65,43,September,66,76,29,262,No
1844494,Female,21,65,38,October,115,83,10,24,No
1288445,Female,21,65,23,November,110,66,56,207,No
1592683,Female,21,65,21,December,162,54,15,197,No
1426507,Female,21,65,32,January,102,78,33,167,No
1664118,Female,21,65,26,February,90,53,9,44,No
1766218,Female,21,65,32,March,107,52,45,62,No
1926790,Female,21,65,56,April,147,96,28,70,No
1281174,Female,21,65,21,May,168,75,7,46,No
1357487,Female,21,65,26,June,83,48,53,141,No
1179267,Female,21,65,32,July,57,66,7,40,No
1737788,Female,21,65,37,August,118,59,49,155,No
1750692,Female,21,65,35,September,142,78,11,209,No
1447270,Female,21,65,23,October,49,78,14,77,No
1843647,Female,21,65,32,November,155,64,34,46,No
1198753,Female,21,65,24,December,112,90,36,23,No
1597059,Female,21,65,45,January,103,32,15,50,No
1590423,Female,21,65,46,February,88,83,8,23,No
1944015,Female,21,65,21,March,103,73,28,162,No
1641099,Female,21,65,21,April,83,67,46,213,No
1113419,Female,21,65,24,May,80,65,8,23,No
1119325,Female,21,65,25,June,113,61,10,252,No
1215163,Female,21,65,36,July,57,82,7,21,No
1145610,Female,21,65,21,August,46,76,49,89,No
1958238,Female,21,65,32,September,143,84,35,157,No
1491557,Female,21,65,34,October,70,61,18,128,No
1636780,Female,21,65,21,November,136,90,45,139,No
1208170,Female,21,65,21,December,96,78,17,48,No
1859953,Female,21,65,31,January,99,39,24,135,No
1084731,Female,21,65,53,February,87,42,22,36,No
1883312,Female,21,65,25,March,96,94,32,43,No
1901034,Female,21,65,25,April,138,92,19,53,No
1391625,Female,21,65,43,May,98,69,13,787,No
1877717,Female,21,65,26,June,122,79,25,304,No
1671685,Female,24,65,23,July,69,50,44,15,No
1146865,Female,24,65,44,August,140,70,35,58,No
1757195,Female,24,65,47,September,137,78,34,227,No
1353233,Female,24,65,23,October,143,69,42,237,No
1210930,Female,24,65,32,November,112,63,18,31,No
1410621,Female,24,65,32,December,98,84,33,17,No
1455760,Female,24,65,24,January,160,50,45,128,No
1818259,Female,24,65,23,February,82,54,10,27,No
1717871,Female,24,65,54,March,108,99,9,548,No
1700187,Female,24,65,23,April,119,51,35,252,No
1436374,Female,24,65,34,May,100,79,10,34,No
1326154,Female,24,65,34,June,55,86,14,203,No
1588424,Female,24,65,26,July,120,52,25,383,No
1360034,Female,24,65,34,August,99,51,10,61,No
1368778,Female,24,65,21,September,104,67,15,162,No
1611718,Female,24,65,23,October,106,62,8,58,No
1917192,Female,24,65,32,November,107,89,48,172,No
1250891,Female,24,65,55,December,85,68,32,50,No
1932985,Female,24,65,26,January,109,56,43,390,No
1846628,Female,24,65,21,February,119,64,7,79,No
1257582,Female,24,65,23,March,98,88,23,49,No
1692020,Female,24,65,25,April,147,59,42,14,No
1185448,Female,24,65,46,May,106,60,40,235,No
1203182,Female,24,65,25,June,97,82,24,80,No
1141536,Female,24,65,21,July,72,25,12,200,No
1939204,Female,24,65,53,August,180,95,7,28,No
1325450,Female,24,65,24,September,148,52,40,49,No
1295766,Female,24,65,31,October,101,55,24,256,No
1601419,Female,24,65,21,November,134,79,45,168,No
1623791,Female,24,65,26,December,102,55,56,32,No
1289418,Female,24,65,47,January,118,61,29,283,No
1038123,Female,24,65,26,February,139,91,35,268,No
1234684,Female,24,65,25,March,67,70,19,130,No
1108922,Female,24,65,21,April,144,85,9,174,No
1047154,Female,24,65,47,May,86,59,30,16,No
1899699,Female,24,65,73,June,73,43,37,39,No
1149892,Female,24,65,23,July,126,52,43,35,No
1671533,Female,24,65,21,August,120,93,31,31,No
1223139,Female,24,65,21,September,134,96,34,224,No
1374221,Female,24,65,44,October,98,79,47,83,No
1628634,Female,24,65,24,November,71,83,24,158,No
1165968,Female,24,65,21,December,114,79,45,601,No
1301437,Female,24,65,26,January,145,88,24,225,No
1876066,Female,24,65,21,February,52,71,10,68,No
1255765,Female,24,65,32,March,75,56,8,49,No
1893605,Female,24,65,30,April,90,86,33,15,No
1907493,Female,24,65,42,May,93,81,86,154,No
1042498,Female,24,65,30,June,81,95,44,195,No
1997020,Female,24,65,21,July,105,62,23,93,No
1644859,Female,24,65,23,August,153,62,11,257,No
1993379,Female,24,65,23,September,111,47,12,136,No
1438583,Female,24,65,23,October,100,82,9,42,No
1395080,Female,24,65,23,November,150,95,9,178,No
1642842,Female,24,65,32,December,122,74,42,483,No
1913288,Female,24,65,32,January,121,82,15,38,No
1037639,Female,24,65,32,February,52,83,10,19,No
1716677,Female,24,65,23,March,118,59,34,29,No
1041743,Female,24,65,26,April,163,49,19,182,No
1417335,Female,24,65,25,May,125,81,34,160,No
1687484,Female,24,65,32,June,170,56,11,21,No
1502298,Female,24,65,44,July,96,71,20,90,No
1676164,Female,24,65,32,August,152,57,21,180,No
1167772,Female,24,65,25,September,111,58,43,39,No
1170397,Female,24,65,32,October,94,52,51,18,No
1500407,Female,24,65,32,November,157,62,11,43,No
1578222,Female,24,65,45,December,138,92,41,147,No
1233459,Female,24,65,21,January,101,58,44,39,No
1898969,Female,24,65,23,February,51,87,12,128,No
1591226,Female,24,65,71,March,105,96,10,38,No
1611846,Female,24,65,21,April,106,55,13,141,No
1106833,Female,24,65,32,May,97,77,25,273,No
1075856,Female,24,65,23,June,132,54,25,130,No
1975459,Female,24,65,24,July,118,100,35,86,No
1031934,Female,24,65,23,August,102,43,48,79,No
1719345,Female,24,65,23,September,79,53,10,63,No
1690717,Female,24,65,26,October,95,88,35,78,No
1120994,Female,24,65,32,November,143,81,13,147,No
1885893,Female,24,65,32,December,113,87,22,72,No
1786036,Female,24,65,35,January,88,53,42,31,No
1846323,Female,24,65,21,February,93,94,12,28,No
1097914,Female,24,65,44,March,76,61,50,220,No
1027405,Female,24,65,23,April,107,50,37,30,No
1678323,Female,24,65,26,May,125,67,11,31,No
1407993,Female,24,65,33,June,112,81,19,50,No
1367008,Female,24,65,21,July,149,86,26,33,No
1610214,Female,24,65,23,August,134,87,25,76,No
1340500,Female,24,65,32,September,133,97,41,150,No
1040470,Female,24,65,55,October,108,73,88,458,No
1536771,Female,24,65,23,November,52,55,9,150,No
1002418,Female,24,65,43,December,99,66,52,57,No
1402086,Female,24,65,24,January,103,88,32,421,No
1501091,Female,24,65,23,February,80,26,8,60,No
1224922,Female,24,65,45,March,155,79,11,59,No
1478189,Female,24,65,32,April,145,82,10,269,No
1889075,Female,24,65,32,May,76,58,35,45,No
1483072,Female,24,65,25,June,89,83,10,256,No
1029603,Female,24,65,23,July,126,49,17,14,No
1150956,Female,24,65,32,August,125,68,36,41,No
1485845,Female,24,65,23,September,82,92,12,32,No
1343188,Female,24,65,32,October,148,65,17,34,No
1636008,Female,24,65,43,November,82,71,14,217,No
1171977,Female,24,65,32,December,110,57,34,36,No
1936079,Female,24,65,23,January,86,91,18,53,No
1459495,Female,24,65,32,February,117,88,40,23,No
1352730,Female,24,65,52,March,111,64,11,277,No
1343334,Female,24,65,43,April,140,66,27,169,No
1669473,Female,24,65,25,May,121,83,32,14,No
1715723,Female,24,65,25,June,126,48,45,32,No
1898914,Female,24,65,37,July,99,50,21,330,No
1184836,Female,24,65,23,August,95,77,46,51,No
1269381,Female,24,65,32,September,116,75,35,223,No
1430470,Female,24,65,62,October,128,101,46,231,No
1247037,Female,24,65,21,November,126,89,39,360,No
1333000,Female,24,65,32,December,160,56,32,171,No
1743356,Female,24,65,21,January,142,47,16,253,No
1531214,Female,24,65,31,February,90,86,33,131,No
1871808,Female,24,65,29,March,118,87,47,47,No
1017257,Female,24,65,62,April,172,86,40,203,No
1285529,Female,24,65,23,May,92,55,11,130,No
1675848,Female,24,65,23,June,78,87,20,32,No
1135189,Female,24,65,32,July,153,50,18,17,No
1292358,Female,24,65,24,August,100,58,44,172,No
1870500,Female,24,65,23,September,159,80,30,151,No
1279352,Female,24,65,21,October,86,89,10,22,No
1909663,Female,24,65,45,November,119,63,29,175,No
1122116,Female,24,65,42,December,143,81,23,31,No
1397025,Female,24,65,41,January,108,63,40,49,No
1536763,Female,24,65,21,February,119,71,13,212,No
1796444,Female,24,65,44,March,151,59,10,24,No
1748282,Female,24,65,50,April,92,86,22,196,No
1905665,Female,24,65,21,May,144,109,13,21,No
1179257,Female,24,65,24,June,91,59,10,478,No
1633073,Female,24,65,32,July,129,58,32,42,No
1571275,Female,24,65,25,August,155,86,8,31,No
1352240,Female,24,65,21,September,141,78,22,29,No
1919969,Female,24,65,60,October,173,93,27,382,No
1891212,Female,24,65,59,November,85,86,21,267,No
1128211,Female,24,65,32,December,165,79,7,131,No
1275396,Female,24,65,23,January,81,61,34,36,No
1254786,Female,24,65,32,February,102,78,7,164,No
1021739,Female,24,65,21,March,91,41,7,574,No
1225601,Female,24,65,21,April,107,100,22,44,No
1874193,Female,24,65,24,May,142,49,8,169,No
1143304,Female,24,65,21,June,95,85,41,25,No
1480543,Female,24,65,21,July,82,69,25,70,No
1617548,Female,24,65,69,August,58,48,9,20,No
1459561,Female,24,65,32,September,84,81,18,215,No
1511654,Female,24,65,45,October,106,60,28,69,No
1271909,Female,24,65,55,November,103,69,15,93,No
1773860,Female,24,65,55,December,83,64,15,36,No
1530105,Female,24,65,46,January,148,59,13,462,No
1446158,Female,24,65,23,February,107,81,23,516,No
1783951,Female,24,65,23,March,126,84,7,20,No
1859859,Female,24,65,32,April,128,83,25,28,No
1224068,Female,24,65,26,May,137,58,8,51,No
1264410,Female,24,65,52,June,51,88,39,362,No
1247701,Female,24,65,32,July,80,42,11,38,No
1085710,Female,24,65,37,August,73,71,13,177,No
1544597,Female,24,65,32,September,69,69,42,34,No
1976770,Female,24,65,32,October,95,84,43,46,No
1131281,Female,24,65,21,November,169,99,36,83,No
1325960,Female,24,65,36,December,96,79,43,158,No
1834786,Female,24,65,35,January,159,80,47,201,No
1888216,Female,24,65,21,February,122,89,41,277,No
1805107,Female,24,65,26,March,166,103,43,42,No
1492228,Female,24,65,26,April,85,79,24,188,No
1436029,Female,24,65,24,May,146,57,19,21,No
1742680,Female,24,65,25,June,80,81,45,202,No
1175899,Female,24,65,32,July,137,52,50,24,No
1854749,Female,24,65,43,August,122,66,14,216,No
1253385,Female,24,65,23,September,150,78,17,28,No
1992599,Female,24,65,21,October,95,63,11,23,No
1497617,Female,24,65,26,November,156,50,46,31,No
1255117,Female,24,65,30,December,97,66,8,42,No
1391739,Female,24,65,21,January,48,110,9,190,No
1413882,Female,24,65,21,February,101,58,39,237,No
1578947,Female,24,65,44,March,121,80,40,355,No
1223821,Female,24,65,37,April,105,90,27,386,No
1233700,Female,24,65,56,May,112,62,24,153,No
1722060,Female,24,65,61,June,139,61,13,193,No
1382721,Female,24,65,40,July,85,90,8,55,No
1269832,Female,24,65,32,August,88,68,10,502,No
1795746,Female,24,65,43,September,108,65,45,82,No
1185615,Female,24,65,47,October,71,100,44,168,No
1735550,Female,24,65,25,November,76,80,9,56,No
1364163,Female,24,65,26,December,85,51,31,39,No
1335138,Female,24,65,56,January,98,65,22,58,No
1770682,Female,24,65,26,February,57,71,10,163,No
1030960,Female,24,65,71,March,112,54,53,48,No
1236912,Female,24,65,40,April,119,53,45,33,No
1292101,Female,24,65,21,May,171,53,7,32,No
1998962,Female,24,65,57,June,149,87,29,95,No
1120270,Female,24,65,32,July,127,44,15,209,No
1661724,Female,24,65,32,August,110,52,31,61,No
1415105,Female,24,65,24,September,71,86,11,414,No
1376576,Female,24,65,26,October,77,42,10,36,No
1798395,Female,24,65,43,November,78,59,21,205,No
1082870,Female,24,65,47,December,106,86,45,95,No
1470798,Female,24,65,25,January,131,79,45,36,No
1764599,Female,24,65,68,February,155,105,43,51,No
1590553,Female,24,65,32,March,59,85,57,265,No
1599293,Female,24,65,31,April,83,89,12,544,No
1004143,Female,24,65,21,May,107,61,43,47,No
1781767,Female,24,65,57,June,177,86,42,68,No
1435785,Female,24,65,21,July,142,61,39,250,No
1401211,Female,24,65,32,August,128,78,41,18,No
1998989,Female,24,65,21,September,79,56,34,212,No
1101451,Female,24,65,34,October,182,83,44,224,No
1153589,Female,24,65,21,November,126,96,55,53,No
1143700,Female,24,65,32,December,103,62,48,150,No
1230140,Female,24,65,60,January,59,61,13,45,No
1594973,Female,24,65,52,February,94,83,31,354,No
1216571,Female,24,65,25,March,52,92,15,131,No
1446348,Female,24,65,58,April,93,80,32,69,No
1495958,Female,24,65,21,May,111,77,15,185,No
1666922,Female,24,65,32,June,112,82,14,209,No
1002929,Female,24,65,34,July,89,86,35,192,No
1360122,Female,24,65,32,August,104,27,40,504,No
1078848,Female,24,65,32,September,99,81,28,60,No
1300536,Female,24,65,30,October,57,65,45,44,No
1754593,Female,24,65,23,November,103,79,35,151,No
1793952,Female,24,65,31,December,117,59,34,47,No
1430696,Female,24,65,32,January,88,80,34,43,No
1274644,Female,24,65,45,February,139,58,32,28,No
1810949,Female,24,65,32,March,58,104,25,30,No
1083211,Female,24,65,57,April,140,81,25,369,No
1339045,Female,24,65,24,May,102,76,42,391,No
1240512,Female,24,65,23,June,97,84,43,36,No
1013603,Female,24,65,24,July,55,54,44,239,No
1316484,Female,24,65,32,August,76,82,7,39,No
1817428,Female,24,65,25,September,90,64,18,76,No
1794726,Female,24,65,46,October,108,87,36,290,No
1546879,Female,24,65,26,November,71,54,56,38,No
1612869,Female,24,65,33,December,81,91,7,229,No
1573175,Female,24,65,23,January,128,52,47,181,No
1693898,Female,24,65,21,February,179,66,48,355,No
1076504,Female,24,65,21,March,91,43,54,231,No
1399956,Female,24,65,21,April,46,66,21,68,No
1722898,Female,24,65,23,May,94,58,35,16,No
1007913,Female,24,65,32,June,107,63,41,48,No
1415781,Female,24,65,29,July,118,97,31,57,No
1466871,Female,24,65,21,August,154,87,10,267,No
1567493,Female,24,65,23,September,140,94,10,43,No
1165007,Female,24,65,46,October,74,88,54,18,No
1275995,Female,24,65,43,November,143,78,24,387,No
1785605,Female,24,65,29,December,122,91,25,18,No
1688299,Female,24,65,25,January,124,83,9,74,No
1629307,Female,24,65,45,February,102,86,45,558,No
1341010,Female,24,65,21,March,121,49,39,166,No
1138053,Female,24,65,32,April,125,60,11,55,No
1513115,Female,24,65,23,May,170,96,19,146,No
1764869,Female,24,65,21,June,113,76,44,26,No
1720393,Female,24,65,32,July,81,55,34,74,No
1630017,Female,24,65,21,August,52,101,31,19,No
1819776,Female,24,65,23,September,57,67,11,182,No
1716863,Female,24,65,46,October,192,64,12,90,No
1056703,Female,24,65,32,November,137,100,24,92,No
1469620,Female,24,65,33,December,74,59,11,280,No
1086711,Female,24,65,38,January,118,79,11,57,No
1433386,Female,24,65,32,February,124,83,8,135,No
1503162,Female,24,65,23,March,128,67,34,39,No
1093816,Female,24,65,32,April,121,56,39,30,No
1892663,Female,24,65,32,May,74,84,32,41,No
1916097,Female,24,65,23,June,91,52,41,34,No
1661849,Female,24,65,23,July,144,91,33,25,No
1239953,Female,24,65,23,August,84,65,8,186,No
1404628,Female,24,65,32,September,114,87,44,322,No
1359375,Female,24,65,35,October,129,62,35,15,No
1672929,Female,24,65,24,November,115,62,8,20,No
1408084,Female,24,65,25,December,56,41,8,211,No
1017808,Female,24,65,30,January,129,58,32,193,No
1064515,Female,24,65,26,February,93,63,53,40,No
1473281,Female,24,65,32,March,72,51,12,226,No
1265123,Female,24,65,32,April,119,68,39,224,No
1821183,Female,24,65,32,May,93,96,46,47,No
1183913,Female,24,65,26,June,89,80,8,47,No
1570013,Female,24,65,25,July,148,48,41,74,No
1402571,Female,24,65,23,August,156,59,9,81,No
1473366,Female,24,65,21,September,80,84,9,178,No
1923564,Female,24,65,26,October,147,90,42,14,No
1980523,Female,24,65,21,November,72,87,39,35,No
1929373,Female,24,65,30,December,108,89,25,61,No
1592253,Female,24,65,25,January,75,94,42,48,No
1918846,Female,24,65,23,February,105,60,16,91,No
1087084,Female,24,65,32,March,108,86,39,93,No
1152507,Female,24,65,46,April,137,95,28,214,No
1959401,Female,24,65,32,May,147,78,10,35,No
1629680,Female,24,65,42,June,139,87,40,171,No
1267647,Female,24,65,21,July,89,88,9,44,No
1776739,Female,24,65,34,August,97,55,41,32,No
1546772,Female,24,65,32,September,145,60,8,18,No
1581474,Female,24,65,23,October,137,93,39,134,No
1275994,Female,24,65,32,November,77,64,43,184,No
1423418,Female,24,65,66,December,72,79,10,23,No
1404301,Female,24,65,25,January,119,55,32,49,No
1334491,Female,24,65,25,February,159,96,15,295,No
1290523,Female,24,65,25,March,123,49,15,33,No
1701840,Female,24,65,47,April,55,56,41,96,No
1903207,Female,24,65,25,May,118,82,23,163,No
1746590,Female,24,65,21,June,108,55,46,14,No
1397510,Female,24,65,31,July,130,58,19,57,No
1715613,Female,24,65,26,August,76,90,11,134,No
1864406,Female,24,65,32,September,91,81,29,264,No
1387936,Female,24,65,31,October,104,67,11,30,No
1776059,Female,24,65,23,November,102,81,9,85,No
1782694,Female,24,65,23,December,119,75,48,85,No
1368901,Female,24,65,29,January,108,61,45,146,No
1552396,Female,24,65,21,February,76,88,35,58,No
1607721,Female,24,65,25,March,48,78,33,128,No
1068437,Female,24,65,21,April,85,67,43,203,No
1429540,Female,24,65,37,May,127,63,40,88,No
1466628,Female,24,65,43,June,98,83,36,87,No
1893778,Female,24,65,25,July,92,54,10,69,No
1429759,Female,24,65,39,August,92,67,48,171,No
1186985,Female,24,65,21,September,131,82,29,267,No
1836596,Female,24,65,23,October,82,91,22,207,No
1613143,Female,24,65,32,November,58,40,52,83,No
1755775,Female,24,65,26,December,154,32,10,133,No
1424391,Female,24,65,23,January,81,24,33,62,No
1807582,Female,24,65,21,February,77,81,17,77,No
1338789,Female,24,65,32,March,124,82,46,83,No
1061157,Female,24,65,21,April,90,52,11,61,No
1095834,Female,24,65,25,May,55,56,8,23,No
1518084,Female,24,65,32,June,101,80,20,179,No
1941986,Female,24,65,59,July,51,66,21,346,No
1594434,Female,24,65,23,August,170,59,15,65,No
1785516,Female,24,65,44,September,101,52,21,215,No
1451806,Female,24,65,24,October,91,73,20,189,No
1479775,Female,24,65,58,November,100,45,14,238,No
1036149,Female,24,65,21,December,157,94,31,39,No
1214730,Female,24,65,56,January,100,79,26,255,No
1059049,Female,24,65,21,February,169,62,25,55,No
1576440,Female,24,65,23,March,138,85,26,42,No
1179348,Female,24,65,31,April,141,74,44,181,No
1335299,Female,24,65,21,May,72,59,32,145,No
1057928,Female,24,65,32,June,98,95,57,315,No
1964287,Female,24,65,47,July,110,61,28,87,No
1992198,Female,24,65,24,August,83,90,10,180,No
1365064,Female,24,65,50,September,68,88,10,83,No
1539527,Female,24,65,21,October,76,86,22,60,No
1828778,Female,24,65,21,November,117,87,11,88,No
1925199,Female,24,65,21,December,136,81,33,205,No
1754319,Female,24,65,24,January,92,70,33,23,No
1872832,Female,24,65,23,February,163,91,30,190,No
1359121,Female,24,65,32,March,70,90,34,43,No
1163090,Female,24,65,21,April,152,81,32,129,No
1966273,Female,24,65,32,May,114,54,44,131,No
1643170,Female,24,65,32,June,102,85,35,52,No
1665364,Female,24,65,32,July,69,49,9,260,No
1196115,Female,24,65,23,August,98,47,8,188,No
1952035,Female,24,65,32,September,70,111,8,63,No
1797828,Female,24,65,25,October,81,48,8,64,No
1164862,Female,24,65,21,November,142,80,52,316,No
1454766,Female,24,65,44,December,88,61,42,180,No
1237930,Female,24,65,21,January,74,86,29,18,No
1858095,Female,24,65,24,February,143,66,45,38,No
1638212,Female,24,65,25,March,92,87,35,23,No
1928581,Female,24,65,45,April,103,81,14,67,No
1525108,Female,24,65,21,May,97,62,45,127,No
1370529,Female,24,65,34,June,114,47,40,234,No
1379778,Female,24,65,35,July,149,85,33,18,No
1202714,Female,24,65,35,August,118,50,42,33,No
1972906,Female,24,65,21,September,130,90,24,75,No
1979633,Female,24,65,32,October,57,63,12,172,No
1952230,Female,24,65,49,November,108,60,42,41,No
1898146,Female,24,65,23,December,97,86,17,36,No
1732844,Female,24,65,23,January,147,49,42,32,No
1092910,Female,24,65,49,February,145,92,44,49,No
1722489,Female,24,65,23,March,159,41,44,21,No
1373036,Female,24,65,23,April,71,82,35,174,No
1367020,Female,24,65,25,May,52,64,9,87,No
1467083,Female,24,65,32,June,91,58,10,46,No
1892770,Female,24,65,33,July,160,69,8,133,No
1718066,Female,24,65,32,August,70,78,40,203,No
1147380,Female,24,65,44,September,94,76,15,17,No
1291982,Female,24,65,56,October,104,63,22,35,No
1956239,Female,24,65,25,November,109,51,11,29,No
1688774,Female,24,65,58,December,103,80,47,368,No
1575420,Female,24,65,24,January,82,55,7,45,No
1712787,Female,24,65,24,February,84,86,25,140,No
1671862,Female,24,65,23,March,90,97,49,15,No
1632810,Female,24,65,21,April,93,83,39,152,No
1164855,Female,24,65,40,May,80,75,32,270,No
1245444,Female,24,65,32,June,116,91,43,140,No
1441757,Female,24,65,32,July,103,89,13,50,No
1054311,Female,24,65,21,August,76,84,8,272,No
1775270,Female,24,65,54,September,105,76,53,87,No
1258667,Female,24,65,21,October,162,86,35,33,No
1586449,Female,24,65,21,November,154,42,8,44,No
1258527,Female,24,65,25,December,88,62,42,125,No
1087951,Female,24,65,23,January,94,42,41,31,No
1521427,Female,24,65,32,February,188,60,45,47,No
1646497,Female,24,65,23,March,85,83,46,126,No
1368829,Female,24,65,30,April,122,101,43,67,No
1295177,Female,24,65,21,May,74,48,7,133,No
1577199,Female,24,65,21,June,110,76,56,82,No
1837871,Female,24,65,21,July,82,47,43,188,No
1875708,Female,24,65,23,August,70,50,41,40,No
1372253,Female,24,65,62,September,130,66,9,313,No
1652818,Female,24,65,70,October,142,50,35,409,No
1595760,Female,24,65,52,November,163,57,9,30,No
1231148,Female,24,65,24,December,67,82,17,38,No
1734255,Female,24,65,57,January,107,60,14,162,No
1274269,Female,24,65,32,February,49,60,56,80,No
1963409,Female,24,65,21,March,158,56,36,157,No
1546520,Female,24,65,23,April,57,67,45,40,No
1414305,Female,24,65,42,May,56,81,46,175,No
1304994,Female,24,65,21,June,103,57,44,94,No
1650193,Female,24,65,39,July,80,83,41,144,No
1278810,Female,24,65,32,August,169,67,11,48,No
1897615,Female,24,65,30,September,68,96,33,178,No
1000869,Female,24,65,34,October,173,61,25,78,No
1653789,Female,24,65,23,November,81,50,8,211,No
1321317,Female,24,65,21,December,106,62,52,337,No
1507992,Female,24,65,23,January,118,87,10,37,No
1123081,Female,24,65,21,February,135,70,19,27,No
1944509,Female,24,65,35,March,103,62,24,209,No
1137976,Female,24,65,21,April,100,94,14,387,No
1508639,Female,24,65,65,May,69,76,14,161,No
1557975,Female,24,65,23,June,95,83,50,94,No
1922672,Female,24,65,21,July,145,84,9,41,No
1407686,Female,24,65,44,August,116,63,47,273,No
1904866,Female,24,65,54,September,175,80,13,89,No
1530389,Female,24,65,46,October,47,85,14,36,No
1208633,Female,24,65,55,November,117,47,13,83,No
1223500,Female,24,65,32,December,123,52,17,19,No
1232845,Female,24,65,37,January,78,86,11,175,No
1335961,Female,24,65,23,February,112,78,9,20,No
1333639,Female,24,65,21,March,90,56,11,21,No
1751388,Female,24,65,23,April,57,89,7,232,No
1132950,Female,24,65,32,May,76,96,43,256,No
1499983,Female,24,65,24,June,107,53,11,18,No
1249141,Female,24,65,25,July,156,67,32,35,No
1149973,Female,24,65,32,August,74,43,35,633,No
1280441,Female,24,65,45,September,118,88,23,49,No
1906500,Female,24,65,21,October,111,89,27,57,No
1572415,Female,24,65,32,November,122,57,54,94,No
1559501,Female,24,65,24,December,124,83,8,77,No
1622991,Female,24,65,26,January,121,86,16,83,No
1837863,Female,24,65,21,February,91,66,8,217,No
1581849,Female,24,65,23,March,77,54,44,48,No
1545938,Female,24,65,26,April,137,93,32,40,No
1298778,Female,24,65,44,May,149,70,12,527,No
1300603,Female,24,65,24,June,101,62,55,169,No
1491304,Female,24,65,45,July,173,70,29,93,No
1379188,Female,24,65,25,August,54,93,16,29,No
1460338,Female,24,65,26,September,69,93,9,43,No
1661030,Female,24,65,21,October,89,89,54,211,No
1422300,Female,24,65,30,November,56,79,43,24,No
1643770,Female,24,65,26,December,86,91,44,23,No
1490380,Female,24,65,21,January,149,85,9,238,No
1937251,Female,24,65,32,February,128,42,44,171,No
1957870,Female,24,65,21,March,56,82,27,179,No
1773905,Female,24,65,32,April,51,72,18,145,No
1193440,Female,24,65,24,May,150,78,11,174,No
1318440,Female,24,65,44,June,177,78,25,228,No
1783599,Female,24,65,32,July,136,91,45,17,No
1734160,Female,24,65,21,August,110,79,20,40,No
1386344,Female,24,65,46,September,80,90,9,26,No
1565770,Female,24,65,42,October,78,87,50,29,No
1543086,Female,24,65,23,November,70,83,20,284,No
1524739,Female,24,65,23,December,86,62,33,205,No
1565514,Female,24,65,53,January,111,54,30,678,No
1639376,Female,24,65,26,February,53,89,8,47,No
1421650,Female,24,65,21,March,96,61,40,41,No
1610320,Female,24,65,26,April,162,51,7,48,No
1209604,Female,24,65,46,May,118,66,22,337,No
1484746,Female,24,65,21,June,55,90,46,30,No
1536507,Female,24,65,34,July,130,56,46,50,No
1403399,Female,24,65,21,August,110,60,7,47,No
1730867,Female,24,65,54,September,110,60,55,186,No
1446008,Female,24,65,56,October,93,87,43,48,No
1307250,Female,24,65,21,November,173,52,53,184,No
1264949,Female,24,65,21,December,58,77,44,46,No
1349741,Female,24,65,54,January,119,75,44,308,No
1680091,Female,24,65,26,February,84,53,7,188,No
1910044,Female,24,65,26,March,72,91,9,21,No
1836498,Female,24,65,24,April,88,65,19,438,No
1095312,Female,24,65,21,May,89,55,22,17,No
1591169,Female,24,65,26,June,91,72,34,29,No
1997490,Female,24,65,44,July,130,87,31,174,No
1689011,Female,24,65,21,August,95,50,38,206,No
1672779,Female,24,65,24,September,67,53,42,131,No
1755963,Female,24,65,50,October,104,61,53,130,No
1162093,Female,24,65,32,November,139,78,35,76,No
1566841,Female,24,65,34,December,114,80,32,268,No
1889114,Female,24,65,23,January,105,58,23,16,No
1497879,Female,24,65,23,February,169,104,43,245,No
1687237,Female,24,65,24,March,109,82,30,53,No
1342385,Female,24,65,39,April,96,67,41,65,No
1554845,Female,24,65,32,May,53,77,42,320,No
1464096,Female,24,65,33,June,146,78,42,43,No
1093137,Female,24,65,24,July,153,41,34,65,No
1673977,Female,24,65,31,August,121,57,9,40,No
1342157,Female,24,65,30,September,75,89,9,140,No
1488734,Female,24,65,36,October,106,49,47,300,No
1044945,Female,24,65,32,November,126,84,7,68,No
1028381,Female,24,65,21,December,106,81,30,30,No
1587986,Female,24,65,32,January,123,57,31,240,No
1419346,Female,24,65,66,February,59,32,45,386,No
1575223,Female,24,65,32,March,138,66,90,264,No
1499144,Female,24,65,25,April,170,90,42,78,No
1712211,Female,24,65,23,May,140,79,7,223,No
1670763,Female,24,65,32,June,133,67,31,264,No
1241228,Female,24,65,23,July,138,64,27,756,No
1045557,Female,24,65,46,August,173,76,12,270,No
1698884,Female,24,65,24,September,74,62,31,231,No
1217841,Female,24,65,35,October,69,80,32,604,No
1538777,Female,24,65,26,November,96,95,46,180,No
1821268,Female,24,65,32,December,136,62,47,155,No
1952413,Female,24,65,34,January,111,71,39,486,No
1170568,Female,24,65,55,February,47,92,40,44,No
1251632,Female,24,65,23,March,123,84,15,51,No
1263989,Female,24,65,32,April,114,89,48,49,No
1306737,Female,24,65,21,May,103,64,12,74,No
1109165,Female,24,65,23,June,140,78,45,149,No
1416284,Female,24,65,26,July,88,52,9,46,No
1695504,Female,24,65,36,August,118,86,9,193,No
1929616,Female,24,65,32,September,78,66,17,37,No
1694469,Female,24,65,62,October,83,60,35,46,No
1016784,Female,24,65,34,November,84,91,15,343,No
1527577,Female,24,65,32,December,81,86,27,44,No
1031489,Female,24,65,23,January,57,77,39,30,No
1143359,Female,24,65,24,February,158,85,43,44,No
1034568,Female,24,65,23,March,134,50,24,171,No
1332760,Female,24,65,58,April,90,63,12,92,No
1599755,Female,24,65,32,May,83,95,44,334,No
1521607,Female,24,65,21,June,164,80,41,235,No
1927392,Female,24,65,23,July,89,63,7,44,No
1254427,Female,24,65,21,August,89,64,56,387,No
1515845,Female,24,65,25,September,103,50,9,194,No
1125597,Female,24,65,23,October,132,82,47,16,No
1246663,Female,24,65,32,November,94,78,34,290,No
1937084,Female,24,65,24,December,69,81,9,147,No
1908924,Female,24,65,42,January,75,46,15,36,No
1868666,Female,24,65,24,February,109,106,11,164,No
1003003,Female,24,65,48,March,68,94,45,308,No
1503348,Female,24,65,23,April,119,62,38,682,No
1920347,Female,24,65,32,May,78,65,10,48,No
1853213,Female,24,65,23,June,132,84,10,189,No
1553524,Female,24,65,44,July,179,98,23,320,No
1985800,Female,24,65,23,August,127,57,34,25,No
1127628,Female,24,65,47,September,169,44,26,87,No
1270561,Female,24,65,23,October,95,69,15,340,No
1055124,Female,24,65,25,November,124,56,9,400,No
1433612,Female,24,65,21,December,158,52,33,405,No
1326855,Female,24,65,23,January,116,91,32,171,No
1950802,Female,24,65,34,February,70,53,46,47,No
1445384,Female,24,65,21,March,109,58,21,209,No
1593405,Female,24,65,44,April,137,66,41,208,No
1947721,Female,24,65,32,May,74,61,26,34,No
1095893,Female,24,65,24,June,91,52,12,135,No
1858573,Female,24,65,41,July,181,68,26,25,No
1804422,Female,24,65,25,August,88,79,31,478,No
1614054,Female,24,65,23,September,132,78,32,42,No
1533116,Female,24,65,25,October,73,64,35,289,No
1642162,Female,24,65,32,November,122,81,19,83,No
1689191,Female,24,65,44,December,104,72,12,60,No
1827293,Female,24,65,45,January,177,92,13,241,No
1741250,Female,24,65,23,February,117,44,41,652,No
1019617,Female,24,65,34,March,129,89,45,203,No
1601866,Female,24,65,32,April,45,68,24,91,No
1411761,Female,24,65,56,May,138,60,41,285,No
1844587,Female,24,65,64,June,81,66,46,346,No
1181067,Female,24,65,23,July,81,93,11,251,No
1450754,Female,24,65,25,August,81,60,43,30,No
1066105,Female,24,65,30,September,99,60,42,94,No
1222813,Female,24,65,24,October,180,87,31,24,No
1201330,Female,24,65,23,November,119,98,29,686,No
1969079,Female,24,65,23,December,57,93,34,45,No
1811727,Female,24,65,26,January,103,67,53,204,No
1247677,Female,24,65,24,February,122,67,21,19,No
1575987,Female,24,65,30,March,113,44,27,69,No
1008849,Female,24,65,23,April,73,49,42,14,No
1274600,Female,24,65,23,May,79,43,8,35,No
1125213,Female,24,65,23,June,71,84,11,147,No
1494735,Female,24,65,25,July,90,85,9,139,No
1226699,Female,24,65,21,August,69,92,10,32,No
1930645,Female,24,65,31,September,70,49,11,86,No
1969471,Female,24,65,23,October,119,74,38,30,No
1692869,Female,24,65,23,November,142,49,10,26,No
1972695,Female,24,65,35,December,76,53,21,159,No
1993159,Female,24,65,26,January,142,79,42,16,No
1910911,Female,24,65,58,February,96,76,12,171,No
1575039,Female,24,65,28,March,104,79,11,366,No
1009187,Female,24,65,42,April,114,71,50,158,No
1432626,Female,24,65,32,May,150,58,41,40,No
1116524,Female,24,65,21,June,103,79,46,57,No
1170831,Female,24,65,26,July,163,49,8,19,No
1103219,Female,24,65,29,August,115,77,33,33,No
1201494,Female,24,65,32,September,147,63,22,155,No
1521309,Female,24,65,43,October,97,74,32,89,No
1519426,Female,24,65,23,November,81,40,10,17,No
1497410,Female,24,65,32,December,106,84,25,94,No
1073060,Female,24,65,42,January,118,96,29,211,No
1911245,Female,24,65,24,February,163,78,35,37,No
1873563,Female,24,65,21,March,101,79,49,47,No
1533712,Female,24,65,30,April,71,83,40,145,No
1482207,Female,24,65,53,May,120,61,14,69,No
1377924,Female,24,65,23,June,75,75,42,158,No
1817531,Female,24,65,25,July,85,56,44,170,No
1285222,Female,24,65,44,August,70,63,33,46,No
1704069,Female,24,65,48,September,130,58,36,64,No
1680684,Female,24,65,21,October,77,49,42,19,No
1319128,Female,24,65,41,November,113,59,21,58,No
1466268,Female,24,65,42,December,115,58,8,96,No
1419000,Female,24,65,32,January,105,87,32,57,No
1907261,Female,24,65,21,February,117,69,20,386,No
1967559,Female,24,65,21,March,107,92,15,38,No
1797075,Female,24,65,32,April,93,51,8,178,No
1287375,Female,24,65,21,May,133,65,10,212,No
1947664,Female,24,65,46,June,97,53,40,22,No
1424750,Female,24,65,23,July,155,59,7,144,No
1339664,Female,24,65,34,August,83,58,9,38,No
1085941,Female,24,65,32,September,146,58,8,147,No
1796960,Female,24,65,45,October,97,90,24,41,No
1568508,Female,24,65,23,November,110,60,19,160,No
1352013,Female,24,65,32,December,152,52,22,47,No
1049913,Female,24,65,25,January,88,62,43,39,No
1816201,Female,24,65,23,February,93,40,7,260,No
1853862,Female,24,65,26,March,95,50,34,63,No
1638751,Female,24,65,32,April,121,91,33,34,No
1924879,Female,24,65,32,May,132,101,7,50,No
1399984,Female,24,65,21,June,103,64,27,257,No
1695106,Female,24,65,49,July,139,78,7,24,No
1654705,Female,24,65,21,August,114,44,9,124,No
1970262,Female,24,65,21,September,111,84,40,75,No
1356242,Female,24,65,21,October,110,69,48,261,No
1677126,Female,24,65,32,November,114,95,37,73,No
1186203,Female,24,65,26,December,75,79,8,33,No
1012601,Female,24,65,32,January,82,47,11,14,No
1625156,Female,24,65,32,February,77,94,49,36,No
1715327,Female,24,65,35,March,130,81,45,321,No
1102205,Female,24,65,26,April,77,78,33,173,No
1979817,Female,24,65,32,May,68,83,35,50,No
1448511,Female,24,65,21,June,183,62,28,260,No
1857039,Female,24,65,32,July,85,83,43,36,No
1190842,Female,24,65,26,August,123,83,46,28,No
1059569,Female,24,65,25,September,80,78,31,154,No
1772622,Female,24,65,21,October,123,55,38,78,No
1909946,Female,24,65,24,November,87,78,11,69,No
1466694,Female,24,65,21,December,103,83,41,364,No
1238885,Female,24,65,32,January,117,86,46,36,No
1618409,Female,24,65,32,February,132,92,30,196,No
1493520,Female,24,65,21,March,55,85,11,27,No
1068103,Female,24,65,37,April,109,59,89,287,No
1832398,Female,24,65,21,May,95,100,50,74,No
1922752,Female,24,65,24,June,162,83,54,53,No
1105853,Female,24,65,32,July,123,54,43,162,No
1840609,Female,24,65,45,August,103,81,40,201,No
1683001,Female,24,65,45,September,112,67,56,47,No
1570758,Female,24,65,26,October,97,94,43,208,No
1814355,Female,24,65,24,November,75,78,43,245,No
1932325,Female,24,65,25,December,90,81,7,33,No
1967583,Female,24,65,26,January,54,64,9,168,No
1868847,Female,24,65,31,February,124,62,9,49,No
1981557,Female,24,65,38,March,115,71,22,88,No
1932376,Female,24,65,56,April,50,67,32,24,No
1684297,Female,24,65,32,May,73,67,56,178,No
1506609,Female,24,65,24,June,124,55,8,68,No
1550882,Female,24,65,21,July,160,81,43,165,No
1455976,Female,24,65,32,August,148,76,24,287,No
1903086,Female,24,65,54,September,100,66,30,174,No
1734631,Female,24,65,32,October,137,47,18,147,No
1913742,Female,24,65,21,November,131,78,12,418,No
1013448,Female,24,65,33,December,52,46,8,132,No
1609598,Female,24,65,21,January,104,68,11,59,No
1963612,Female,24,65,32,February,92,81,11,45,No
1136100,Female,24,65,32,March,97,101,7,155,No
1466568,Female,24,65,40,April,109,89,11,710,No
1204970,Female,24,65,32,May,126,81,20,67,No
1775347,Female,24,65,21,June,102,82,22,636,No
1056270,Female,24,65,32,July,144,60,11,32,No
1441341,Female,24,65,23,August,143,43,24,15,No
1738700,Female,24,65,32,September,87,68,26,318,No
1478632,Female,24,65,32,October,117,84,39,460,No
1665006,Female,24,65,23,November,118,92,10,26,No
1284834,Female,24,65,52,December,150,53,14,184,No
1186697,Female,24,65,26,January,151,82,9,14,No
1415062,Female,24,65,54,February,70,114,43,59,No
1383677,Female,24,65,46,March,110,58,13,201,No
1757406,Female,24,65,21,April,151,66,20,24,No
1216210,Female,24,65,32,May,79,95,31,41,No
1012234,Female,24,65,21,June,95,86,33,74,No
1654258,Female,24,65,32,July,106,97,46,154,No
1545970,Female,24,65,25,August,98,85,26,23,No
1223908,Female,24,65,45,September,190,90,42,71,No
1883053,Female,24,65,21,October,75,84,31,25,No
1163859,Female,24,65,42,November,175,61,48,85,No
1950923,Female,24,65,49,December,164,74,31,37,No
1230680,Female,24,65,43,January,136,67,43,72,No
1555524,Female,24,65,21,February,91,80,23,43,No
1807034,Female,24,65,60,March,107,51,29,277,No
1539989,Female,24,65,32,April,129,69,29,179,No
1904163,Female,24,65,32,May,81,55,9,252,No
1568276,Female,24,65,50,June,67,49,39,15,No
1269465,Female,24,65,32,July,112,73,39,244,No
1731317,Female,24,65,21,August,133,81,35,135,No
1980035,Female,24,65,23,September,109,42,34,43,No
1809382,Female,24,65,35,October,71,83,9,259,No
1680160,Female,24,65,24,November,137,45,42,46,No
1247240,Female,24,65,45,December,59,55,43,218,No
1449956,Female,24,65,32,January,108,81,45,157,No
1854473,Female,24,65,47,February,103,87,14,149,No
1362621,Female,24,65,26,March,83,64,10,289,No
1669671,Female,24,65,34,April,67,55,10,38,No
1060306,Female,24,65,32,May,88,81,29,66,No
1851847,Female,24,65,24,June,91,88,11,40,No
1725861,Female,24,65,32,July,93,80,10,201,No
1581165,Female,24,65,62,August,149,42,22,74,No
1141512,Female,24,65,25,September,105,88,35,35,No
1969645,Female,24,65,25,October,116,52,45,79,No
1826755,Female,24,65,25,November,92,79,45,14,No
1933900,Female,24,65,23,December,94,94,11,147,No
1837530,Female,24,65,24,January,83,81,11,80,No
1468404,Female,24,65,21,February,110,44,18,150,No
1979712,Female,24,65,67,March,91,50,23,352,No
1865918,Female,24,65,54,April,74,69,11,85,No
1134235,Female,24,65,32,May,100,66,36,199,No
1560929,Female,24,65,21,June,77,87,11,295,No
1130040,Female,24,65,23,July,114,59,8,84,No
1118398,Female,24,65,21,August,117,58,12,248,No
1717174,Female,24,65,43,September,91,85,20,44,No
1546859,Female,24,65,23,October,117,63,34,265,No
1158472,Female,24,65,26,November,68,87,36,38,No
1214451,Female,24,65,47,December,72,71,47,91,No
1446992,Female,24,65,21,January,138,87,10,39,No
1383890,Female,24,65,47,February,51,50,10,259,No
1772488,Female,24,65,24,March,148,52,31,38,No
1884221,Female,24,65,24,April,171,85,15,35,No
1887087,Female,24,65,25,May,74,60,38,47,No
1754494,Female,24,65,25,June,148,32,19,50,No
1730242,Female,24,65,43,July,169,77,42,258,No
1212892,Female,24,65,47,August,140,66,46,88,No
1955848,Female,24,65,21,September,92,54,33,44,No
1291503,Female,24,65,21,October,113,42,45,40,No
1068730,Female,24,65,21,November,88,97,46,153,No
1127661,Female,24,65,23,December,58,79,21,237,No
1675916,Female,24,65,23,January,67,58,34,151,No
1644429,Female,24,65,25,February,140,79,42,15,No
1005490,Female,24,65,21,March,80,48,8,69,No
1088543,Female,24,65,32,April,116,85,12,47,No
1959840,Female,24,65,23,May,154,76,22,692,No
1676537,Female,24,65,25,June,54,81,32,51,No
1564664,Female,24,65,32,July,134,90,31,166,No
1614761,Female,24,65,32,August,88,73,57,56,No
1327480,Female,24,65,32,September,168,95,17,49,No
1639024,Female,24,65,32,October,87,40,10,27,No
1119603,Female,24,65,28,November,137,66,35,68,No
1145513,Female,24,65,21,December,89,52,40,51,No
1976984,Female,24,65,32,January,171,79,14,26,No
1962203,Female,24,65,32,February,98,98,30,14,No
1295714,Female,24,65,30,March,149,39,41,55,No
1463673,Female,24,65,23,April,149,64,46,252,No
1067464,Female,24,65,32,May,98,80,11,69,No
1141481,Female,24,65,32,June,100,56,22,222,No
1545598,Female,24,65,60,July,128,74,24,187,No
1331709,Female,24,65,31,August,103,53,24,61,No
1861748,Female,24,65,41,September,170,64,42,97,No
1782435,Female,24,65,21,October,113,67,92,29,No
1264173,Female,24,65,24,November,138,63,10,176,No
1092665,Female,24,65,32,December,104,72,12,91,No
1172311,Female,24,65,24,January,97,50,8,172,No
1562402,Female,24,65,21,February,131,92,35,144,No
1541076,Female,24,65,33,March,142,78,33,43,No
1823429,Female,24,65,56,April,139,64,48,74,No
1131504,Female,24,65,44,May,109,77,34,127,No
1162075,Female,24,65,32,June,94,50,11,184,No
1191762,Female,24,65,32,July,80,84,11,154,No
1358075,Female,24,65,21,August,116,70,14,227,No
1138937,Female,24,65,21,September,77,82,43,47,No
1250997,Female,24,65,23,October,79,85,32,26,No
1839727,Female,24,65,32,November,113,78,10,141,No
1271703,Female,24,65,32,December,78,42,43,242,No
1337169,Female,24,65,32,January,58,88,34,20,No
1087083,Female,24,65,42,February,113,61,17,192,No
1665488,Female,24,65,32,March,112,73,23,25,No
1218862,Female,24,65,35,April,75,50,36,33,No
1231624,Female,24,65,29,May,116,65,25,333,No
1772028,Female,24,65,21,June,125,53,23,28,No
1744028,Female,24,65,26,July,123,61,31,81,No
1811857,Female,24,65,21,August,55,62,10,137,No
1075279,Female,24,65,21,September,67,54,18,51,No
1508531,Female,24,65,53,October,96,52,14,93,No
1610061,Female,24,65,32,November,130,55,8,264,No
1773362,Female,24,65,61,December,119,50,46,27,No
1345607,Female,24,65,66,January,171,84,16,235,No
1621537,Female,24,65,53,February,116,72,44,70,No
1858301,Female,24,65,54,March,78,61,28,613,No
1188564,Female,24,65,21,April,138,91,11,166,No
1086820,Female,24,65,25,May,51,85,17,270,No
1306597,Female,24,65,24,June,88,84,10,134,No
1425854,Female,24,65,26,July,67,49,35,43,No
1471464,Female,24,65,21,August,179,82,15,216,No
1380653,Female,24,65,32,September,93,80,24,42,No
1040847,Female,24,65,28,October,98,92,10,85,No
1824844,Female,24,65,39,November,118,68,41,220,No
1482913,Female,24,65,26,December,171,85,9,21,No
1564888,Female,24,65,26,January,77,83,29,39,No
1133236,Female,24,65,54,February,123,66,45,470,No
1114895,Female,24,65,32,March,96,49,25,25,No
1308611,Female,24,65,25,April,105,92,9,47,No
1918441,Female,24,65,21,May,99,24,45,521,No
1995562,Female,24,65,26,June,149,63,45,14,No
1772759,Female,24,65,24,July,95,92,7,68,No
1924984,Female,24,65,58,August,71,96,7,216,No
1201143,Female,23,65,25,September,85,84,32,216,No
1889380,Female,23,65,21,October,76,78,49,257,No
1817009,Female,23,65,44,November,114,61,21,74,No
1676923,Female,23,65,24,December,91,85,32,16,No
1755796,Female,23,65,23,January,97,71,22,143,No
1736177,Female,23,65,26,February,76,51,36,51,No
1014422,Female,23,65,24,March,164,115,41,39,No
1255903,Female,23,65,23,April,169,95,11,43,No
1336210,Female,23,65,23,May,137,88,46,23,No
1039258,Female,23,65,32,June,89,54,11,30,No
1887014,Female,23,65,31,July,73,80,32,16,No
1934862,Female,23,65,26,August,155,46,9,80,No
1899116,Female,23,65,50,September,105,49,36,18,No
1461385,Female,23,65,21,October,143,52,44,193,No
1413821,Female,23,65,55,November,175,87,41,247,No
1613405,Female,23,65,43,December,96,69,14,90,No
1152154,Female,23,65,21,January,94,51,11,165,No
1775760,Female,23,65,23,February,145,106,9,25,No
1354736,Female,23,65,44,March,105,68,57,220,No
1946739,Female,23,65,59,April,105,62,14,75,No
1265736,Female,23,65,32,May,129,65,22,381,No
1897880,Female,23,65,46,June,120,88,13,167,No
1101645,Female,23,65,55,July,97,63,24,65,No
1734177,Female,23,65,31,August,55,50,24,316,No
1119439,Female,23,65,26,September,70,67,11,173,No
1754853,Female,23,65,21,October,101,94,33,48,No
1486602,Female,23,65,45,November,164,61,10,240,No
1130892,Female,23,65,30,December,101,52,10,207,No
1824743,Female,23,65,26,January,121,58,27,314,No
1199809,Female,23,65,56,February,140,90,44,37,No
1772322,Female,23,65,57,March,176,93,49,258,No
1093380,Female,23,65,24,April,82,83,9,35,No
1914480,Female,23,65,24,May,52,83,18,25,No
1670717,Female,23,65,25,June,152,50,44,233,No
1289710,Female,23,65,32,July,86,28,20,184,No
1979887,Female,23,65,24,August,118,49,24,33,No
1210059,Female,23,65,25,September,72,86,11,180,No
1786360,Female,23,65,21,October,137,42,41,309,No
1244955,Female,23,65,21,November,84,53,31,183,No
1682300,Female,23,65,24,December,166,90,17,25,No
1144089,Female,23,65,21,January,153,81,28,52,No
1964665,Female,23,65,21,February,114,80,42,345,No
1913944,Female,23,65,23,March,140,83,20,61,No
1032518,Female,23,65,24,April,79,48,10,141,No
1115255,Female,23,65,33,May,105,92,51,90,No
1732043,Female,23,65,21,June,125,89,43,74,No
1906559,Female,23,65,24,July,159,83,40,192,No
1581328,Female,23,65,24,August,119,49,39,33,No
1688535,Female,23,65,21,September,80,54,35,44,No
1882528,Female,23,65,26,October,171,49,31,47,No
1118535,Female,23,65,26,November,89,65,38,22,No
1006439,Female,23,65,23,December,73,91,35,262,No
1318907,Female,23,65,21,January,87,78,35,75,No
1346940,Female,23,65,23,February,104,87,26,37,No
1082638,Female,23,65,35,March,93,55,35,196,No
1455101,Female,23,65,23,April,105,64,24,205,No
1715358,Female,23,65,21,May,125,42,32,182,No
1691734,Female,23,65,32,June,123,53,29,43,No
1212298,Female,23,65,32,July,87,79,54,82,No
1409530,Female,23,65,21,August,141,73,52,29,No
1865434,Female,23,65,69,September,142,66,37,42,No
1591558,Female,23,65,32,October,99,45,10,25,No
1571366,Female,23,65,26,November,125,85,34,145,No
1412396,Female,23,65,23,December,109,107,18,131,No
1094261,Female,23,65,41,January,65,83,70,230,No
1054973,Female,23,65,24,February,123,64,7,68,No
1268297,Female,23,65,21,March,94,54,15,213,No
1625516,Female,23,65,21,April,104,63,15,81,No
1840585,Female,23,65,23,May,51,43,34,30,No
1582608,Female,23,65,26,June,156,50,21,246,No
1122273,Female,23,65,57,July,53,87,46,187,No
1393924,Female,23,65,46,August,132,83,34,23,No
1221790,Female,23,65,24,September,59,54,44,43,No
1999864,Female,23,65,26,October,84,48,21,152,No
1432074,Female,23,65,32,November,178,82,7,263,No
1058633,Female,23,65,23,December,117,87,15,44,No
1106046,Female,23,65,23,January,54,54,12,21,No
1249357,Female,23,65,60,February,173,73,49,611,No
1171359,Female,23,65,23,March,67,52,27,216,No
1902730,Female,23,65,32,April,137,81,31,64,No
1003977,Female,23,65,53,May,56,52,34,282,No
1223282,Female,23,65,24,June,152,79,8,24,No
1870677,Female,23,65,26,July,75,56,29,28,No
1206653,Female,23,65,32,August,150,52,17,46,No
1588262,Female,23,65,62,September,187,80,44,84,No
1203865,Female,23,65,29,October,132,72,12,688,No
1656646,Female,23,65,35,November,88,81,45,163,No
1543648,Female,23,65,66,December,54,63,41,245,No
1987570,Female,23,65,25,January,147,92,34,39,No
1944323,Female,23,65,47,February,86,52,12,77,No
1015550,Female,23,65,32,March,110,48,12,201,No
1311227,Female,23,65,34,April,91,85,45,31,No
1737638,Female,23,65,23,May,79,80,32,32,No
1666479,Female,23,65,24,June,80,79,9,47,No
1341392,Female,23,65,26,July,111,96,45,68,No
1496265,Female,23,65,21,August,128,96,45,203,No
1257312,Female,23,65,28,September,97,63,11,526,No
1460494,Female,23,65,47,October,111,92,55,236,No
1816292,Female,23,65,25,November,72,81,9,262,No
1329261,Female,23,65,38,December,79,68,14,706,No
1915079,Female,23,65,21,January,96,91,35,206,No
1078905,Female,23,65,43,February,154,60,27,249,No
1981017,Female,23,65,24,March,160,62,31,29,No
1678197,Female,23,65,60,April,61,80,15,305,No
1462523,Female,23,65,54,May,98,79,48,59,No
1325789,Female,23,65,23,June,80,84,45,29,No
1492748,Female,23,65,21,July,126,64,33,15,No
1013795,Female,23,65,47,August,58,66,23,47,No
1559622,Female,23,65,21,September,92,67,8,22,No
1406386,Female,23,65,37,October,147,66,15,372,No
1991387,Female,23,65,23,November,76,106,42,496,No
1942046,Female,23,65,43,December,104,90,48,154,No
1289528,Female,23,65,24,January,74,92,30,22,No
1223999,Female,23,65,70,February,83,59,31,189,No
1755962,Female,23,65,25,March,54,77,45,253,No
1820044,Female,23,65,21,April,76,86,30,175,No
1563576,Female,23,65,21,May,93,95,41,51,No
1891443,Female,23,65,26,June,72,55,23,36,No
1678458,Female,23,65,24,July,79,55,41,37,No
1717081,Female,23,65,32,August,94,89,7,216,No
1588913,Female,23,65,38,September,171,54,40,92,No
1017685,Female,23,65,55,October,58,96,25,285,No
1493736,Female,23,65,23,November,91,78,42,21,No
1610251,Female,23,65,32,December,79,96,8,48,No
1058813,Female,23,65,32,January,74,57,8,41,No
1371083,Female,23,65,32,February,104,43,47,51,No
1036175,Female,23,65,23,March,80,63,10,38,No
1761806,Female,23,65,24,April,89,38,46,20,No
1202373,Female,23,65,57,May,116,66,22,341,No
1035373,Female,23,65,23,June,119,87,27,208,No
1614101,Female,23,65,21,July,118,72,12,409,No
1928212,Female,23,65,49,August,144,81,33,222,No
1384347,Female,23,65,24,September,92,40,7,217,No
1460194,Female,23,65,23,October,134,86,56,55,No
1722881,Female,23,65,51,November,114,81,39,256,No
1160836,Female,23,65,45,December,170,102,54,553,No
1056407,Female,23,65,23,January,91,63,37,202,No
1170287,Female,23,65,32,February,100,48,48,37,No
1310524,Female,23,65,35,March,103,61,24,148,No
1173312,Female,23,65,21,April,145,81,9,35,No
1322936,Female,23,65,26,May,69,55,16,136,No
1841606,Female,23,65,32,June,117,63,17,148,No
1104545,Female,23,65,21,July,150,98,26,285,No
1770431,Female,23,65,26,August,132,51,22,15,No
1355256,Female,23,65,25,September,52,45,10,166,No
1293668,Female,23,65,26,October,159,61,33,29,No
1065514,Female,23,65,25,November,91,68,21,17,No
1192557,Female,23,65,26,December,128,78,12,34,No
1636721,Female,23,65,43,January,170,48,22,59,No
1608639,Female,23,65,24,February,69,52,21,19,No
1771818,Female,23,65,47,March,134,63,48,34,No
1310324,Female,23,65,55,April,176,91,31,144,No
1454891,Female,23,65,32,May,160,57,16,21,No
1103681,Female,23,65,25,June,114,56,44,230,No
1869275,Female,23,65,32,July,74,92,44,161,No
1721780,Female,23,65,50,August,90,62,34,136,No
1597430,Female,23,65,23,September,92,79,18,19,No
1811418,Female,23,65,71,October,46,42,8,23,No
1347847,Female,23,65,32,November,121,70,8,23,No
1790938,Female,23,65,23,December,149,62,42,64,No
1998677,Female,23,65,32,January,73,93,23,258,No
1951334,Female,23,65,32,February,187,78,21,58,No
1785055,Female,23,65,47,March,150,77,48,45,No
1964599,Female,23,65,59,April,96,98,29,202,No
1705359,Female,23,65,25,May,83,81,19,269,No
1981145,Female,23,65,34,June,154,89,31,192,No
1011274,Female,23,65,21,July,150,91,13,184,No
1897799,Female,23,65,46,August,143,66,45,734,No
1878860,Female,23,65,26,September,168,54,45,39,No
1800133,Female,23,65,28,October,116,43,53,140,No
1619527,Female,23,65,47,November,170,64,45,198,No
1754457,Female,23,65,32,December,74,67,43,23,No
1120110,Female,23,65,21,January,113,93,15,207,No
1443560,Female,23,65,23,February,67,86,37,17,No
1466158,Female,23,65,32,March,106,63,43,15,No
1569068,Female,23,65,32,April,82,53,15,15,No
1976650,Female,23,65,21,May,76,65,36,129,No
1990263,Female,23,65,23,June,150,81,33,31,No
1850404,Female,23,65,23,July,95,72,36,52,No
1097466,Female,23,65,31,August,122,57,33,133,No
1564762,Female,23,65,23,September,92,68,19,136,No
1350329,Female,23,65,26,October,76,98,39,214,No
1895396,Female,23,65,26,November,86,49,34,163,No
1234950,Female,23,65,21,December,126,84,35,33,No
1387163,Female,23,65,24,January,87,55,37,21,No
1227828,Female,23,65,23,February,109,95,7,161,No
1991396,Female,23,65,23,March,74,84,42,27,No
1933553,Female,23,65,23,April,142,85,35,21,No
1189134,Female,23,65,32,May,70,75,43,54,No
1325364,Female,23,65,45,June,48,100,53,333,No
1930745,Female,23,65,32,July,102,77,21,271,No
1158400,Female,23,65,51,August,48,59,40,79,No
1267024,Female,23,65,21,September,143,84,15,20,No
1484870,Female,23,65,25,October,56,67,18,182,No
1503112,Female,23,65,26,November,99,51,46,60,No
1133716,Female,23,65,32,December,120,68,17,496,No
1994323,Female,23,65,45,January,60,85,29,88,No
1299913,Female,23,65,26,February,82,55,11,32,No
1703687,Female,23,65,26,March,73,87,45,60,No
1663864,Female,23,65,32,April,117,26,21,20,No
1634768,Female,23,65,33,May,168,61,34,246,No
1377836,Female,23,65,32,June,72,56,10,23,No
1025620,Female,23,65,32,July,54,83,11,76,No
1058595,Male,23,65,25,August,55,26,35,30,No
1425549,Male,23,65,23,September,147,98,8,729,No
1887399,Male,23,65,31,October,83,47,44,28,No
1497025,Male,23,65,57,November,133,63,40,786,No
1025873,Male,23,65,26,December,130,89,45,271,No
1154320,Male,23,65,32,January,148,47,41,46,No
1743252,Male,23,65,26,February,149,76,22,23,No
1624995,Male,23,65,56,March,126,83,42,31,No
1891101,Male,23,65,21,April,166,84,45,88,No
1468598,Male,23,65,24,May,146,86,8,139,No
1958017,Male,23,65,32,June,122,42,31,156,No
1173428,Male,23,65,21,July,90,84,12,446,No
1964098,Male,23,65,35,August,128,96,10,243,No
1772293,Male,23,65,23,September,84,52,8,48,No
1749542,Male,23,65,21,October,87,44,31,219,No
1933517,Male,23,65,24,November,58,51,42,75,No
1042397,Male,23,65,24,December,96,47,10,47,No
1314777,Male,23,65,23,January,81,96,24,157,No
1482699,Male,23,65,45,February,99,86,52,196,No
1413364,Male,23,65,26,March,125,52,38,34,No
1424619,Male,23,65,26,April,73,62,8,35,No
1522833,Male,23,65,24,May,131,87,19,45,No
1183108,Male,23,65,59,June,55,85,50,43,No
1794717,Male,23,65,31,July,111,39,45,42,No
1327448,Male,23,65,23,August,137,91,7,21,No
1699560,Male,23,65,26,September,76,54,44,200,No
1013961,Male,23,65,32,October,143,62,44,156,No
1679375,Male,23,65,56,November,175,78,14,71,No
1545974,Male,23,65,23,December,98,96,38,90,No
1541977,Male,23,65,26,January,82,89,31,40,No
1337607,Male,23,65,26,February,56,55,36,235,No
1882239,Male,23,65,21,March,78,111,8,35,No
1243867,Male,23,65,47,April,85,65,33,18,No
1712904,Male,23,65,35,May,108,94,33,176,No
1900536,Male,23,65,57,June,178,64,44,26,No
1934044,Male,23,65,32,July,76,86,22,79,No
1667549,Male,23,65,21,August,108,72,9,34,No
1636231,Male,23,65,35,September,143,60,35,131,No
1319343,Male,23,65,21,October,114,105,35,22,No
1129736,Male,23,65,21,November,121,94,19,84,No
1174220,Male,23,65,77,December,142,48,9,32,No
1118494,Male,23,65,21,January,117,65,45,161,No
1700698,Male,23,65,25,February,150,62,15,34,No
1262437,Male,23,65,21,March,125,48,51,60,No
1205739,Male,23,65,44,April,103,77,73,16,No
1524855,Male,23,65,23,May,171,80,43,57,No
1493598,Male,23,65,24,June,94,85,27,164,No
1295042,Male,23,65,26,July,110,80,36,218,No
1240706,Male,23,65,24,August,107,87,7,31,No
1097387,Male,23,65,32,September,137,52,25,559,No
1524720,Male,23,65,42,October,108,62,35,157,No
1456596,Male,23,65,26,November,158,59,31,225,No
1689582,Male,23,65,23,December,103,50,37,222,No
1731659,Male,23,65,25,January,169,51,44,231,No
1122501,Male,23,65,21,February,132,48,44,154,No
1375510,Male,23,65,23,March,107,73,18,41,No
1881084,Male,23,65,34,April,102,64,42,461,No
1828936,Male,23,65,32,May,71,88,20,67,No
1955654,Male,23,65,23,June,57,55,46,14,No
1000183,Male,23,65,24,July,164,102,22,40,No
1937327,Male,23,65,23,August,119,75,34,23,No
1414547,Male,23,65,33,September,101,68,51,77,No
1643463,Male,23,65,42,October,134,54,21,35,No
1995203,Male,23,65,26,November,167,88,17,22,No
1511420,Male,23,65,42,December,97,54,43,62,No
1837610,Male,23,65,32,January,101,60,7,247,No
1635989,Male,23,65,21,February,119,66,67,150,No
1136048,Male,23,65,25,March,156,79,17,88,No
1536483,Male,23,65,24,April,121,80,44,133,No
1813221,Male,23,65,42,May,111,94,30,22,No
1410706,Male,23,65,25,June,101,84,33,217,No
1910915,Male,23,65,24,July,106,50,16,543,No
1914327,Male,23,65,23,August,86,93,32,37,No
1294443,Male,23,65,32,September,142,79,53,23,No
1983615,Male,23,65,21,October,137,79,34,42,No
1181618,Male,23,65,32,November,97,24,32,212,No
1386581,Male,23,65,26,December,52,83,51,266,No
1808251,Male,23,65,54,January,107,52,49,215,No
1931552,Male,23,65,32,February,83,86,10,38,No
